INSERT INTO categories (category_name) VALUES
('Electronics'),
('Books'),
('Clothing'),
('Home & Kitchen'),
('Toys'),
('Beauty & Personal Care'),
('Sports & Outdoors'),
('Automotive'),
('Health & Wellness'),
('Groceries'),
('Furniture'),
('Jewelry'),
('Music & Movies'),
('Office Supplies'),
('Pet Supplies'),
('Garden & Outdoor'),
('Kitchen Appliances'),
('Tools & Home Improvement'),
('Baby Products'),
('Shoes');


INSERT INTO products (name, price, category_id) VALUES
('Wireless Mouse', 25.99, 1),
('USB-C Charger', 19.50, 1),
('Bluetooth Headphones', 59.99, 1),
('Smartphone Case', 15.00, 1),
('LED Desk Lamp', 35.25, 4),
('Stainless Steel Water Bottle', 22.99, 4),
('Yoga Mat', 28.49, 7),
('Running Shoes', 75.00, 20),
('Cotton T-Shirt', 12.99, 3),
('Jeans', 40.00, 3),
('Novel: The Silent Forest', 14.50, 2),
('Cookbook: Healthy Eats', 22.00, 2),
('Kids Toy Car', 18.99, 5),
('Doll House', 45.00, 5),
('Organic Face Cream', 30.00, 6),
('Hair Dryer', 60.00, 1),
('Garden Hose', 25.00, 16),
('Lawn Mower', 150.00, 16),
('Electric Drill', 85.00, 18),
('Hammer', 15.00, 18),
('Office Chair', 120.00, 11),
('Desk Organizer', 20.00, 14),
('Pet Food - Chicken', 40.00, 15),
('Cat Toy', 8.99, 15),
('Electric Kettle', 45.50, 17),
('Blender', 55.00, 17),
('Baseball Glove', 30.00, 7),
('Soccer Ball', 25.00, 7),
('Baby Stroller', 180.00, 19),
('Diapers Pack', 35.00, 19),
('Necklace', 80.00, 12),
('Wrist Watch', 150.00, 12),
('Guitar', 200.00, 13),
('Piano Keyboard', 350.00, 13),
('Notebook Pack', 12.00, 14),
('Pen Set', 7.50, 14),
('Running Shorts', 20.00, 3),
('Sweatshirt', 35.00, 3),
('Sunglasses', 45.00, 1),
('Camera Tripod', 70.00, 1),
('Face Mask Pack', 10.00, 6),
('Shampoo Bottle', 12.00, 6),
('Basketball', 29.00, 7),
('Tennis Racket', 120.00, 7),
('Car Vacuum Cleaner', 50.00, 8),
('Car Wax', 15.00, 8),
('Vitamin C Supplement', 18.00, 9),
('Protein Powder', 40.00, 9),
('Canned Beans', 3.00, 10),
('Organic Olive Oil', 10.00, 10),
('Sofa Set', 800.00, 11),
('Dining Table', 600.00, 11),
('Diamond Ring', 1000.00, 12),
('Gold Earrings', 750.00, 12),
('Vinyl Record', 25.00, 13),
('Movie DVD', 15.00, 13),
('Printer Paper', 12.00, 14),
('Stapler', 8.00, 14),
('Dog Leash', 18.00, 15),
('Bird Cage', 60.00, 15),
('BBQ Grill', 250.00, 16),
('Garden Gloves', 10.00, 16),
('Microwave Oven', 120.00, 17),
('Toaster', 40.00, 17),
('Screwdriver Set', 35.00, 18),
('Lawn Fertilizer', 25.00, 16),
('Baby Crib', 300.00, 19),
('Baby Monitor', 80.00, 19),
('Running Socks', 10.00, 20),
('Sports Jacket', 90.00, 20),
('Men\'s Watch', 150.00, 12),
('Women\'s Handbag', 200.00, 3),
('Wireless Keyboard', 40.00, 1),
('HDMI Cable', 12.00, 1),
('Fiction Novel', 18.00, 2),
('Non-Fiction Book', 22.00, 2),
('Lipstick', 15.00, 6),
('Perfume', 55.00, 6),
('Camping Tent', 150.00, 7),
('Hiking Backpack', 80.00, 7),
('Car Battery', 120.00, 8),
('Engine Oil', 35.00, 8),
('Multivitamins', 25.00, 9),
('Herbal Tea', 10.00, 9),
('Bread Loaf', 3.50, 10),
('Organic Honey', 15.00, 10),
('Bookshelf', 100.00, 11),
('Wall Clock', 60.00, 11),
('Charm Bracelet', 90.00, 12),
('Classical Music CD', 20.00, 13),
('Desk Lamp', 30.00, 4),
('Cooking Pan', 45.00, 4),
('Staples Box', 7.00, 14),
('Pet Shampoo', 12.00, 15);

INSERT INTO customers (name, email, created_at) VALUES
('John Doe', 'john.doe1@example.com', '2025-01-01'),
('Jane Smith', 'jane.smith2@example.com', '2025-01-02'),
('Alice Johnson', 'alice.johnson3@example.com', '2025-01-03'),
('Bob Brown', 'bob.brown4@example.com', '2025-01-04'),
('Charlie Davis', 'charlie.davis5@example.com', '2025-01-05'),
('Diana Evans', 'diana.evans6@example.com', '2025-01-06'),
('Edward Wilson', 'edward.wilson7@example.com', '2025-01-07'),
('Fiona Clark', 'fiona.clark8@example.com', '2025-01-08'),
('George Lee', 'george.lee9@example.com', '2025-01-09'),
('Hannah White', 'hannah.white10@example.com', '2025-01-10'),
('Isaac Martin', 'isaac.martin11@example.com', '2025-01-11'),
('Jack Harris', 'jack.harris12@example.com', '2025-01-12'),
('Katherine King', 'katherine.king13@example.com', '2025-01-13'),
('Liam Scott', 'liam.scott14@example.com', '2025-01-14'),
('Megan Turner', 'megan.turner15@example.com', '2025-01-15'),
('Nathan Adams', 'nathan.adams16@example.com', '2025-01-16'),
('Olivia Perez', 'olivia.perez17@example.com', '2025-01-17'),
('Paul Nelson', 'paul.nelson18@example.com', '2025-01-18'),
('Quincy Moore', 'quincy.moore19@example.com', '2025-01-19'),
('Rachel Carter', 'rachel.carter20@example.com', '2025-01-20'),
('Samuel Mitchell', 'samuel.mitchell21@example.com', '2025-01-21'),
('Tina Roberts', 'tina.roberts22@example.com', '2025-01-22'),
('Ursula Phillips', 'ursula.phillips23@example.com', '2025-01-23'),
('Victor Green', 'victor.green24@example.com', '2025-01-24'),
('Wendy Campbell', 'wendy.campbell25@example.com', '2025-01-25'),
('Xander Coleman', 'xander.coleman26@example.com', '2025-01-26'),
('Yvonne Perry', 'yvonne.perry27@example.com', '2025-01-27'),
('Zachary Simmons', 'zachary.simmons28@example.com', '2025-01-28'),
('Amos Parker', 'amos.parker29@example.com', '2025-01-29'),
('Beverly Cox', 'beverly.cox30@example.com', '2025-01-30'),
('Cynthia Diaz', 'cynthia.diaz31@example.com', '2025-01-31'),
('Daniel Ford', 'daniel.ford32@example.com', '2025-02-01'),
('Emily Grant', 'emily.grant33@example.com', '2025-02-02'),
('Frank Harris', 'frank.harris34@example.com', '2025-02-03'),
('Grace Jenkins', 'grace.jenkins35@example.com', '2025-02-04'),
('Henry Lee', 'henry.lee36@example.com', '2025-02-05'),
('Ivy Miller', 'ivy.miller37@example.com', '2025-02-06'),
('James Peterson', 'james.peterson38@example.com', '2025-02-07'),
('Karen Reed', 'karen.reed39@example.com', '2025-02-08'),
('Leo Simmons', 'leo.simmons40@example.com', '2025-02-09'),
('Mia Thompson', 'mia.thompson41@example.com', '2025-02-10'),
('Noah White', 'noah.white42@example.com', '2025-02-11'),
('Olga Young', 'olga.young43@example.com', '2025-02-12'),
('Peter Zimmerman', 'peter.zimmerman44@example.com', '2025-02-13'),
('Queen Abbott', 'queen.abbott45@example.com', '2025-02-14'),
('Robert Baker', 'robert.baker46@example.com', '2025-02-15'),
('Sophia Clark', 'sophia.clark47@example.com', '2025-02-16'),
('Thomas Davis', 'thomas.davis48@example.com', '2025-02-17'),
('Uma Edwards', 'uma.edwards49@example.com', '2025-02-18'),
('Victor Foster', 'victor.foster50@example.com', '2025-02-19'),
('Wanda Gray', 'wanda.gray51@example.com', '2025-02-20'),
('Xavier Harris', 'xavier.harris52@example.com', '2025-02-21'),
('Yolanda Irwin', 'yolanda.irwin53@example.com', '2025-02-22'),
('Zane Jackson', 'zane.jackson54@example.com', '2025-02-23'),
('Amy Keller', 'amy.keller55@example.com', '2025-02-24'),
('Brian Lee', 'brian.lee56@example.com', '2025-02-25'),
('Carmen Morgan', 'carmen.morgan57@example.com', '2025-02-26'),
('David Nguyen', 'david.nguyen58@example.com', '2025-02-27'),
('Ella Owens', 'ella.owens59@example.com', '2025-02-28'),
('Fred Price', 'fred.price60@example.com', '2025-03-01'),
('Gina Quinn', 'gina.quinn61@example.com', '2025-03-02'),
('Hank Roberts', 'hank.roberts62@example.com', '2025-03-03'),
('Isabel Smith', 'isabel.smith63@example.com', '2025-03-04'),
('Jason Taylor', 'jason.taylor64@example.com', '2025-03-05'),
('Kara Upton', 'kara.upton65@example.com', '2025-03-06'),
('Lance Vaughn', 'lance.vaughn66@example.com', '2025-03-07'),
('Molly Walker', 'molly.walker67@example.com', '2025-03-08'),
('Nick Xu', 'nick.xu68@example.com', '2025-03-09'),
('Olivia Young', 'olivia.young69@example.com', '2025-03-10'),
('Paul Zimmer', 'paul.zimmer70@example.com', '2025-03-11'),
('Quinn Allen', 'quinn.allen71@example.com', '2025-03-12'),
('Rachel Brooks', 'rachel.brooks72@example.com', '2025-03-13'),
('Steve Carter', 'steve.carter73@example.com', '2025-03-14'),
('Tina Daniels', 'tina.daniels74@example.com', '2025-03-15'),
('Ulysses Evans', 'ulysses.evans75@example.com', '2025-03-16'),
('Vera Franklin', 'vera.franklin76@example.com', '2025-03-17'),
('Will Graham', 'will.graham77@example.com', '2025-03-18'),
('Xena Harper', 'xena.harper78@example.com', '2025-03-19'),
('Yusuf Ingram', 'yusuf.ingram79@example.com', '2025-03-20'),
('Zara Johnson', 'zara.johnson80@example.com', '2025-03-21'),
('Alan King', 'alan.king81@example.com', '2025-03-22'),
('Brenda Lewis', 'brenda.lewis82@example.com', '2025-03-23'),
('Carl Morris', 'carl.morris83@example.com', '2025-03-24'),
('Daisy Nelson', 'daisy.nelson84@example.com', '2025-03-25'),
('Ethan Owens', 'ethan.owens85@example.com', '2025-03-26'),
('Faith Parker', 'faith.parker86@example.com', '2025-03-27'),
('Gavin Quinn', 'gavin.quinn87@example.com', '2025-03-28'),
('Holly Roberts', 'holly.roberts88@example.com', '2025-03-29'),
('Ian Scott', 'ian.scott89@example.com', '2025-03-30'),
('Jill Turner', 'jill.turner90@example.com', '2025-03-31'),
('Kyle Underwood', 'kyle.underwood91@example.com', '2025-04-01'),
('Laura Vaughn', 'laura.vaughn92@example.com', '2025-04-02'),
('Mark Wilson', 'mark.wilson93@example.com', '2025-04-03'),
('Nina Xu', 'nina.xu94@example.com', '2025-04-04'),
('Oscar Young', 'oscar.young95@example.com', '2025-04-05'),
('Pamela Zane', 'pamela.zane96@example.com', '2025-04-06'),
('Quentin Adams', 'quentin.adams97@example.com', '2025-04-07'),
('Rose Baker', 'rose.baker98@example.com', '2025-04-08'),
('Sean Carter', 'sean.carter99@example.com', '2025-04-09'),
('Tara Dixon', 'tara.dixon100@example.com', '2025-04-10');

INSERT INTO orders (customer_id, order_date, total_amount) VALUES
(1, '2025-01-05', 150.75),
(2, '2025-01-06', 89.99),
(3, '2025-01-07', 45.50),
(4, '2025-01-08', 230.00),
(5, '2025-01-09', 120.40),
(6, '2025-01-10', 75.25),
(7, '2025-01-11', 300.00),
(8, '2025-01-12', 55.99),
(9, '2025-01-13', 99.90),
(10, '2025-01-14', 150.00),
(11, '2025-01-15', 80.50),
(12, '2025-01-16', 60.00),
(13, '2025-01-17', 200.00),
(14, '2025-01-18', 45.00),
(15, '2025-01-19', 85.75),
(16, '2025-01-20', 110.00),
(17, '2025-01-21', 95.50),
(18, '2025-01-22', 75.00),
(19, '2025-01-23', 65.25),
(20, '2025-01-24', 140.00),
(21, '2025-01-25', 130.00),
(22, '2025-01-26', 55.75),
(23, '2025-01-27', 45.50),
(24, '2025-01-28', 125.00),
(25, '2025-01-29', 95.00),
(26, '2025-01-30', 110.25),
(27, '2025-01-31', 140.00),
(28, '2025-02-01', 155.50),
(29, '2025-02-02', 75.00),
(30, '2025-02-03', 85.25),
(31, '2025-02-04', 90.00),
(32, '2025-02-05', 65.75),
(33, '2025-02-06', 130.00),
(34, '2025-02-07', 150.50),
(35, '2025-02-08', 75.25),
(36, '2025-02-09', 95.00),
(37, '2025-02-10', 110.00),
(38, '2025-02-11', 140.75),
(39, '2025-02-12', 120.00),
(40, '2025-02-13', 80.50),
(41, '2025-02-14', 60.00),
(42, '2025-02-15', 90.25),
(43, '2025-02-16', 150.00),
(44, '2025-02-17', 110.00),
(45, '2025-02-18', 130.75),
(46, '2025-02-19', 75.50),
(47, '2025-02-20', 65.00),
(48, '2025-02-21', 95.00),
(49, '2025-02-22', 105.25),
(50, '2025-02-23', 140.00),
(51, '2025-02-24', 120.75),
(52, '2025-02-25', 90.00),
(53, '2025-02-26', 85.50),
(54, '2025-02-27', 60.25),
(55, '2025-02-28', 130.00),
(56, '2025-03-01', 150.50),
(57, '2025-03-02', 70.00),
(58, '2025-03-03', 85.25),
(59, '2025-03-04', 100.00),
(60, '2025-03-05', 120.75),
(61, '2025-03-06', 140.00),
(62, '2025-03-07', 110.50),
(63, '2025-03-08', 80.00),
(64, '2025-03-09', 65.25),
(65, '2025-03-10', 90.00),
(66, '2025-03-11', 105.75),
(67, '2025-03-12', 130.00),
(68, '2025-03-13', 150.25),
(69, '2025-03-14', 75.00),
(70, '2025-03-15', 85.50),
(71, '2025-03-16', 95.00),
(72, '2025-03-17', 110.75),
(73, '2025-03-18', 140.00),
(74, '2025-03-19', 120.25),
(75, '2025-03-20', 90.00),
(76, '2025-03-21', 70.50),
(77, '2025-03-22', 85.00),
(78, '2025-03-23', 100.75),
(79, '2025-03-24', 120.00),
(80, '2025-03-25', 130.50),
(81, '2025-03-26', 75.00),
(82, '2025-03-27', 95.25),
(83, '2025-03-28', 110.00),
(84, '2025-03-29', 140.75),
(85, '2025-03-30', 120.00),
(86, '2025-03-31', 85.50),
(87, '2025-04-01', 65.00),
(88, '2025-04-02', 90.25),
(89, '2025-04-03', 150.00),
(90, '2025-04-04', 110.75),
(91, '2025-04-05', 130.00),
(92, '2025-04-06', 75.50),
(93, '2025-04-07', 65.00),
(94, '2025-04-08', 95.00),
(95, '2025-04-09', 105.25),
(96, '2025-04-10', 140.00),
(97, '2025-04-11', 120.75),
(98, '2025-04-12', 90.00),
(99, '2025-04-13', 85.50),
(100, '2025-04-14', 60.25);

INSERT INTO order_items (order_id, product_id, quantity, price_each) VALUES
(1, 5, 2, 15.00),
(1, 12, 1, 22.00),
(2, 3, 1, 59.99),
(2, 8, 3, 40.00),
(3, 15, 2, 30.00),
(3, 7, 1, 28.49),
(4, 20, 1, 150.00),
(4, 2, 4, 19.50),
(5, 1, 1, 25.99),
(5, 14, 2, 20.00),
(6, 9, 3, 12.99),
(6, 17, 1, 45.50),
(7, 11, 2, 14.50),
(7, 4, 1, 15.00),
(8, 10, 1, 22.99),
(8, 18, 1, 85.00),
(9, 13, 1, 200.00),
(9, 16, 1, 25.00),
(10, 6, 2, 30.00),
(10, 19, 3, 180.00),
(11, 22, 1, 120.00),
(11, 21, 1, 60.00),
(12, 23, 2, 40.00),
(12, 25, 1, 45.50),
(13, 30, 1, 150.00),
(13, 26, 3, 55.00),
(14, 28, 2, 75.00),
(14, 27, 1, 60.00),
(15, 32, 1, 80.00),
(15, 31, 1, 150.00),
(16, 29, 1, 18.99),
(16, 24, 2, 8.99),
(17, 34, 1, 70.00),
(17, 33, 1, 150.50),
(18, 35, 1, 45.00),
(18, 36, 2, 60.00),
(19, 37, 1, 30.00),
(19, 38, 1, 25.00),
(20, 39, 3, 180.00),
(20, 40, 2, 35.00),
(21, 41, 1, 120.00),
(21, 42, 1, 45.00),
(22, 43, 2, 40.00),
(22, 44, 3, 60.00),
(23, 45, 1, 15.00),
(23, 46, 1, 35.00),
(24, 47, 2, 120.00),
(24, 48, 1, 15.00),
(25, 49, 1, 25.00),
(25, 50, 2, 40.00),
(26, 51, 1, 45.00),
(26, 52, 1, 7.50),
(27, 53, 3, 18.00),
(27, 54, 1, 10.00),
(28, 55, 2, 3.00),
(28, 56, 1, 10.00),
(29, 57, 1, 800.00),
(29, 58, 1, 600.00),
(30, 59, 1, 1000.00),
(30, 60, 1, 750.00),
(31, 61, 2, 25.00),
(31, 62, 1, 15.00),
(32, 63, 1, 12.00),
(32, 64, 2, 7.50),
(33, 65, 3, 18.00),
(33, 66, 1, 12.00),
(34, 67, 1, 30.00),
(34, 68, 2, 45.00),
(35, 69, 1, 150.00),
(35, 70, 1, 80.00),
(36, 71, 2, 60.00),
(36, 72, 1, 25.00),
(37, 73, 1, 75.00),
(37, 74, 1, 95.00),
(38, 75, 3, 40.00),
(38, 76, 2, 35.00),
(39, 77, 1, 45.00),
(39, 78, 1, 25.00),
(40, 79, 1, 18.00),
(40, 80, 1, 45.00),
(41, 81, 2, 90.00),
(41, 82, 1, 110.00),
(42, 83, 1, 65.00),
(42, 84, 1, 80.00),
(43, 85, 2, 70.00),
(43, 86, 1, 55.00),
(44, 87, 1, 40.00),
(44, 88, 1, 25.00),
(45, 89, 1, 60.00),
(45, 90, 1, 75.00),
(46, 91, 2, 30.00),
(46, 92, 1, 90.00),
(47, 93, 1, 50.00),
(47, 94, 2, 20.00),
(48, 95, 1, 35.00),
(48, 96, 1, 45.00),
(49, 97, 1, 55.00),
(49, 98, 1, 25.00),
(50, 99, 2, 15.00),
(50, 100, 1, 40.00);
